"filename", "language", "Java Properties", "Java", "Markdown", "XML", "comment", "blank", "total"
"e:\Code\java\account_book_app\accountbook\README.md", "Markdown", 0, 0, -142, 0, 0, -34, -176
"e:\Code\java\account_book_app\accountbook\pom.xml", "XML", 0, 0, 0, -40, -7, -6, -53
"e:\Code\java\account_book_app\accountbook\target\classes\com\accountbook\Application.class", "Java", 0, -26, 0, 0, 0, 0, -26
"e:\Code\java\account_book_app\accountbook\target\classes\com\accountbook\backend\common\exception\BusinessServiceException.class", "Java", 0, -6, 0, 0, 0, 0, -6
"e:\Code\java\account_book_app\accountbook\target\classes\com\accountbook\backend\common\util\BillConvertUtils.class", "Java", 0, -72, 0, 0, 0, -1, -73
"e:\Code\java\account_book_app\accountbook\target\classes\com\accountbook\backend\common\util\BudgetConvertUtils.class", "Java", 0, -66, 0, 0, 0, -1, -67
"e:\Code\java\account_book_app\accountbook\target\classes\com\accountbook\backend\common\util\CategoryConvertUtils.class", "Java", 0, -47, 0, 0, 0, 0, -47
"e:\Code\java\account_book_app\accountbook\target\classes\com\accountbook\backend\common\util\NameConvertUtils.class", "Java", 0, -20, 0, 0, 0, 0, -20
"e:\Code\java\account_book_app\accountbook\target\classes\com\accountbook\backend\common\util\SpecificTypeConvertUtils.class", "Java", 0, -48, 0, 0, 0, 0, -48
"e:\Code\java\account_book_app\accountbook\target\classes\com\accountbook\backend\common\util\TimeUtils.class", "Java", 0, -17, 0, 0, 0, 0, -17
"e:\Code\java\account_book_app\accountbook\target\classes\com\accountbook\backend\factory\AccountBookServiceFactory.class", "Java", 0, -41, 0, 0, 0, 0, -41
"e:\Code\java\account_book_app\accountbook\target\classes\com\accountbook\backend\factory\BusinessFactory.class", "Java", 0, -4, 0, 0, 0, 0, -4
"e:\Code\java\account_book_app\accountbook\target\classes\com\accountbook\backend\service\BusinessService.class", "Java", 0, -6, 0, 0, 0, 0, -6
"e:\Code\java\account_book_app\accountbook\target\classes\com\accountbook\backend\service\impl\bill\AddBillService.class", "Java", 0, -21, 0, 0, 0, -1, -22
"e:\Code\java\account_book_app\accountbook\target\classes\com\accountbook\backend\service\impl\bill\ChangeBillService.class", "Java", 0, -25, 0, 0, 0, -1, -26
"e:\Code\java\account_book_app\accountbook\target\classes\com\accountbook\backend\service\impl\bill\DeleteBillService.class", "Java", 0, -22, 0, 0, 0, -1, -23
"e:\Code\java\account_book_app\accountbook\target\classes\com\accountbook\backend\service\impl\bill\SearchBillService.class", "Java", 0, -49, 0, 0, 0, -1, -50
"e:\Code\java\account_book_app\accountbook\target\classes\com\accountbook\backend\service\impl\bill\StatisticBillService.class", "Java", 0, -16, 0, 0, 0, -1, -17
"e:\Code\java\account_book_app\accountbook\target\classes\com\accountbook\backend\service\impl\bill\VisualService.class", "Java", 0, -15, 0, 0, 0, -1, -16
"e:\Code\java\account_book_app\accountbook\target\classes\com\accountbook\backend\service\impl\budget\AddBudgetService.class", "Java", 0, -22, 0, 0, 0, -1, -23
"e:\Code\java\account_book_app\accountbook\target\classes\com\accountbook\backend\service\impl\budget\ChangeBudgetService.class", "Java", 0, -24, 0, 0, 0, -1, -25
"e:\Code\java\account_book_app\accountbook\target\classes\com\accountbook\backend\service\impl\budget\DeleteBudgetService.class", "Java", 0, -21, 0, 0, 0, -1, -22
"e:\Code\java\account_book_app\accountbook\target\classes\com\accountbook\backend\service\impl\budget\SearchBudgetService.class", "Java", 0, -39, 0, 0, 0, -1, -40
"e:\Code\java\account_book_app\accountbook\target\classes\com\accountbook\backend\service\impl\category\AddCategoryService.class", "Java", 0, -23, 0, 0, 0, -1, -24
"e:\Code\java\account_book_app\accountbook\target\classes\com\accountbook\backend\service\impl\category\ChangeCategoryService.class", "Java", 0, -24, 0, 0, 0, -1, -25
"e:\Code\java\account_book_app\accountbook\target\classes\com\accountbook\backend\service\impl\category\DeleteCategoryService.class", "Java", 0, -27, 0, 0, 0, -1, -28
"e:\Code\java\account_book_app\accountbook\target\classes\com\accountbook\backend\service\impl\category\SearchCategoryService.class", "Java", 0, -37, 0, 0, 0, -1, -38
"e:\Code\java\account_book_app\accountbook\target\classes\com\accountbook\backend\service\impl\specific_type\AddSpecificTypeService.class", "Java", 0, -23, 0, 0, 0, -1, -24
"e:\Code\java\account_book_app\accountbook\target\classes\com\accountbook\backend\service\impl\specific_type\ChangeSpecificTypeService.class", "Java", 0, -22, 0, 0, 0, -1, -23
"e:\Code\java\account_book_app\accountbook\target\classes\com\accountbook\backend\service\impl\specific_type\DeleteSpecificTypeService.class", "Java", 0, -21, 0, 0, 0, -1, -22
"e:\Code\java\account_book_app\accountbook\target\classes\com\accountbook\backend\service\impl\specific_type\SearchSpecificTypeService.class", "Java", 0, -37, 0, 0, 0, -1, -38
"e:\Code\java\account_book_app\accountbook\target\classes\com\accountbook\backend\storage\dao\BaseDAO.class", "Java", 0, -209, 0, 0, 0, -13, -222
"e:\Code\java\account_book_app\accountbook\target\classes\com\accountbook\backend\storage\dao\BillDAO.class", "Java", 0, -9, 0, 0, 0, 0, -9
"e:\Code\java\account_book_app\accountbook\target\classes\com\accountbook\backend\storage\dao\BudgetDAO.class", "Java", 0, -4, 0, 0, 0, 0, -4
"e:\Code\java\account_book_app\accountbook\target\classes\com\accountbook\backend\storage\dao\CategoryDAO.class", "Java", 0, -4, 0, 0, 0, 0, -4
"e:\Code\java\account_book_app\accountbook\target\classes\com\accountbook\backend\storage\dao\SpecificTypeDAO.class", "Java", 0, -4, 0, 0, 0, 0, -4
"e:\Code\java\account_book_app\accountbook\target\classes\com\accountbook\backend\storage\dao\factory\DAOFactory.class", "Java", 0, -17, 0, 0, 0, 0, -17
"e:\Code\java\account_book_app\accountbook\target\classes\com\accountbook\backend\storage\dao\impl\BillDAOImpl.class", "Java", 0, -69, 0, 0, 0, 0, -69
"e:\Code\java\account_book_app\accountbook\target\classes\com\accountbook\backend\storage\dao\impl\BudgetDAOImpl.class", "Java", 0, -60, 0, 0, 0, 0, -60
"e:\Code\java\account_book_app\accountbook\target\classes\com\accountbook\backend\storage\dao\impl\CategoryDAOImpl.class", "Java", 0, -51, 0, 0, 0, 0, -51
"e:\Code\java\account_book_app\accountbook\target\classes\com\accountbook\backend\storage\dao\impl\SpecificTypeDAOImpl.class", "Java", 0, -52, 0, 0, 0, 0, -52
"e:\Code\java\account_book_app\accountbook\target\classes\com\accountbook\backend\storage\db\DBInitializer.class", "Java", 0, -55, 0, 0, 0, 0, -55
"e:\Code\java\account_book_app\accountbook\target\classes\com\accountbook\backend\storage\db\DBSql.class", "Java", 0, -164, 0, 0, 0, -12, -176
"e:\Code\java\account_book_app\accountbook\target\classes\com\accountbook\backend\storage\db\DBUtil.class", "Java", 0, -37, 0, 0, 0, 0, -37
"e:\Code\java\account_book_app\accountbook\target\classes\com\accountbook\backend\storage\entity\Bill.class", "Java", 0, -34, 0, 0, 0, -1, -35
"e:\Code\java\account_book_app\accountbook\target\classes\com\accountbook\backend\storage\entity\Budget.class", "Java", 0, -16, 0, 0, 0, 0, -16
"e:\Code\java\account_book_app\accountbook\target\classes\com\accountbook\backend\storage\entity\Category.class", "Java", 0, -8, 0, 0, 0, 0, -8
"e:\Code\java\account_book_app\accountbook\target\classes\com\accountbook\backend\storage\entity\SpecificType.class", "Java", 0, -13, 0, 0, 0, 0, -13
"e:\Code\java\account_book_app\accountbook\target\classes\com\accountbook\frontend\MainPage.class", "Java", 0, -99, 0, 0, 0, 0, -99
"e:\Code\java\account_book_app\accountbook\target\classes\com\accountbook\frontend\component\PageDrawer.class", "Java", 0, -2, 0, 0, 0, 0, -2
"e:\Code\java\account_book_app\accountbook\target\classes\com\accountbook\frontend\component\Refreshable.class", "Java", 0, -2, 0, 0, 0, 0, -2
"e:\Code\java\account_book_app\accountbook\target\classes\com\accountbook\frontend\component\dialog\BillEditDialog$1.class", "Java", 0, -13, 0, 0, 0, 0, -13
"e:\Code\java\account_book_app\accountbook\target\classes\com\accountbook\frontend\component\dialog\BillEditDialog$2.class", "Java", 0, -13, 0, 0, 0, 0, -13
"e:\Code\java\account_book_app\accountbook\target\classes\com\accountbook\frontend\component\dialog\BillEditDialog.class", "Java", 0, -109, 0, 0, 0, -2, -111
"e:\Code\java\account_book_app\accountbook\target\classes\com\accountbook\frontend\component\page\BudgetPage.class", "Java", 0, -10, 0, 0, 0, 0, -10
"e:\Code\java\account_book_app\accountbook\target\classes\com\accountbook\frontend\component\page\HomePage$1.class", "Java", 0, -12, 0, 0, 0, 0, -12
"e:\Code\java\account_book_app\accountbook\target\classes\com\accountbook\frontend\component\page\HomePage$2.class", "Java", 0, -10, 0, 0, 0, 0, -10
"e:\Code\java\account_book_app\accountbook\target\classes\com\accountbook\frontend\component\page\HomePage.class", "Java", 0, -238, 0, 0, 0, -1, -239
"e:\Code\java\account_book_app\accountbook\target\classes\com\accountbook\frontend\component\page\RecordPage$1.class", "Java", 0, -16, 0, 0, 0, -1, -17
"e:\Code\java\account_book_app\accountbook\target\classes\com\accountbook\frontend\component\page\RecordPage$ComboItem.class", "Java", 0, -7, 0, 0, 0, 0, -7
"e:\Code\java\account_book_app\accountbook\target\classes\com\accountbook\frontend\component\page\RecordPage.class", "Java", 0, -193, 0, 0, 0, 0, -193
"e:\Code\java\account_book_app\accountbook\target\classes\com\accountbook\frontend\component\page\SearchPage.class", "Java", 0, -10, 0, 0, 0, 0, -10
"e:\Code\java\account_book_app\accountbook\target\classes\com\accountbook\frontend\component\page\SettingPage.class", "Java", 0, -10, 0, 0, 0, 0, -10
"e:\Code\java\account_book_app\accountbook\target\classes\com\accountbook\frontend\component\page\StatisticsPage.class", "Java", 0, -10, 0, 0, 0, 0, -10
"e:\Code\java\account_book_app\accountbook\target\classes\com\accountbook\frontend\component\page\VisualPage.class", "Java", 0, -10, 0, 0, 0, 0, -10
"e:\Code\java\account_book_app\accountbook\target\classes\com\accountbook\frontend\component\panel\BillTableComponent$1.class", "Java", 0, -16, 0, 0, 0, 0, -16
"e:\Code\java\account_book_app\accountbook\target\classes\com\accountbook\frontend\component\panel\BillTableComponent$2.class", "Java", 0, -23, 0, 0, 0, 0, -23
"e:\Code\java\account_book_app\accountbook\target\classes\com\accountbook\frontend\component\panel\BillTableComponent$3.class", "Java", 0, -23, 0, 0, 0, 0, -23
"e:\Code\java\account_book_app\accountbook\target\classes\com\accountbook\frontend\component\panel\BillTableComponent$EllipsisLabel.class", "Java", 0, -24, 0, 0, 0, 0, -24
"e:\Code\java\account_book_app\accountbook\target\classes\com\accountbook\frontend\component\panel\BillTableComponent.class", "Java", 0, -131, 0, 0, -30, 0, -161
"e:\Code\java\account_book_app\accountbook\target\classes\com\accountbook\frontend\component\panel\LeftNavigationPanel$1.class", "Java", 0, -14, 0, 0, 0, 0, -14
"e:\Code\java\account_book_app\accountbook\target\classes\com\accountbook\frontend\component\panel\LeftNavigationPanel$MenuData.class", "Java", 0, -9, 0, 0, 0, 0, -9
"e:\Code\java\account_book_app\accountbook\target\classes\com\accountbook\frontend\component\panel\LeftNavigationPanel.class", "Java", 0, -107, 0, 0, 0, 0, -107
"e:\Code\java\account_book_app\accountbook\target\classes\com\accountbook\proxy\BackendResponse.class", "Java", 0, -10, 0, 0, 0, 0, -10
"e:\Code\java\account_book_app\accountbook\target\classes\com\accountbook\proxy\FrontendRequest$RequestType.class", "Java", 0, -26, 0, 0, 0, 0, -26
"e:\Code\java\account_book_app\accountbook\target\classes\com\accountbook\proxy\FrontendRequest.class", "Java", 0, -8, 0, 0, 0, 0, -8
"e:\Code\java\account_book_app\accountbook\target\classes\com\accountbook\proxy\README.md", "Markdown", 0, 0, -4, 0, 0, -1, -5
"e:\Code\java\account_book_app\accountbook\target\classes\com\accountbook\proxy\ServiceProxy.class", "Java", 0, -49, 0, 0, 0, 0, -49
"e:\Code\java\account_book_app\accountbook\target\classes\com\accountbook\proxy\common\ProxyHandler.class", "Java", 0, -22, 0, 0, 0, -1, -23
"e:\Code\java\account_book_app\accountbook\target\classes\com\accountbook\proxy\common\README.md", "Markdown", 0, 0, -2, 0, 0, 0, -2
"e:\Code\java\account_book_app\accountbook\target\classes\com\accountbook\proxy\helper\BaseRequestHelper.class", "Java", 0, -30, 0, 0, 0, 0, -30
"e:\Code\java\account_book_app\accountbook\target\classes\com\accountbook\proxy\helper\README.md", "Markdown", 0, 0, -2, 0, 0, 0, -2
"e:\Code\java\account_book_app\accountbook\target\classes\com\accountbook\proxy\helper\factory\RequestHelperFactory.class", "Java", 0, -22, 0, 0, -7, 0, -29
"e:\Code\java\account_book_app\accountbook\target\classes\com\accountbook\proxy\helper\impl\BillRequestHelper.class", "Java", 0, -80, 0, 0, 0, 0, -80
"e:\Code\java\account_book_app\accountbook\target\classes\com\accountbook\proxy\helper\impl\BudgetRequestHelper.class", "Java", 0, -70, 0, 0, 0, 0, -70
"e:\Code\java\account_book_app\accountbook\target\classes\com\accountbook\proxy\helper\impl\CategoryRequestHelper.class", "Java", 0, -49, 0, 0, 0, 0, -49
"e:\Code\java\account_book_app\accountbook\target\classes\com\accountbook\proxy\helper\impl\SpecificTypeRequestHelper.class", "Java", 0, -75, 0, 0, 0, 0, -75
"e:\Code\java\account_book_app\accountbook\target\classes\com\accountbook\proxy\request\README.md", "Markdown", 0, 0, -2, 0, 0, 0, -2
"e:\Code\java\account_book_app\accountbook\target\classes\com\accountbook\proxy\request\bill\BillAddParams.class", "Java", 0, -18, 0, 0, 0, 0, -18
"e:\Code\java\account_book_app\accountbook\target\classes\com\accountbook\proxy\request\bill\BillChangeParams.class", "Java", 0, -18, 0, 0, -3, 0, -21
"e:\Code\java\account_book_app\accountbook\target\classes\com\accountbook\proxy\request\bill\BillDeleteParams.class", "Java", 0, -11, 0, 0, 0, 0, -11
"e:\Code\java\account_book_app\accountbook\target\classes\com\accountbook\proxy\request\bill\BillSearchParams.class", "Java", 0, -26, 0, 0, -11, 0, -37
"e:\Code\java\account_book_app\accountbook\target\classes\com\accountbook\proxy\request\budget\BudgetAddParams.class", "Java", 0, -23, 0, 0, 0, 0, -23
"e:\Code\java\account_book_app\accountbook\target\classes\com\accountbook\proxy\request\budget\BudgetChangeParams.class", "Java", 0, -16, 0, 0, -4, 0, -20
"e:\Code\java\account_book_app\accountbook\target\classes\com\accountbook\proxy\request\budget\BudgetDeleteParams.class", "Java", 0, -11, 0, 0, 0, 0, -11
"e:\Code\java\account_book_app\accountbook\target\classes\com\accountbook\proxy\request\budget\BudgetSearchParams.class", "Java", 0, -31, 0, 0, 0, 0, -31
"e:\Code\java\account_book_app\accountbook\target\classes\com\accountbook\proxy\request\category\CategoryAddParams.class", "Java", 0, -17, 0, 0, 0, 0, -17
"e:\Code\java\account_book_app\accountbook\target\classes\com\accountbook\proxy\request\category\CategoryChangeParams.class", "Java", 0, -19, 0, 0, 0, 0, -19
"e:\Code\java\account_book_app\accountbook\target\classes\com\accountbook\proxy\request\category\CategoryDeleteParams.class", "Java", 0, -17, 0, 0, 0, 0, -17
"e:\Code\java\account_book_app\accountbook\target\classes\com\accountbook\proxy\request\category\CategorySearchParams.class", "Java", 0, -25, 0, 0, 0, 0, -25
"e:\Code\java\account_book_app\accountbook\target\classes\com\accountbook\proxy\request\specific_type\SpecificTypeAddParams.class", "Java", 0, -13, 0, 0, 0, 0, -13
"e:\Code\java\account_book_app\accountbook\target\classes\com\accountbook\proxy\request\specific_type\SpecificTypeChangeParams.class", "Java", 0, -19, 0, 0, -3, 0, -22
"e:\Code\java\account_book_app\accountbook\target\classes\com\accountbook\proxy\request\specific_type\SpecificTypeDeleteParams.class", "Java", 0, -16, 0, 0, 0, 0, -16
"e:\Code\java\account_book_app\accountbook\target\classes\com\accountbook\proxy\request\specific_type\SpecificTypeSearchParams.class", "Java", 0, -34, 0, 0, 0, 0, -34
"e:\Code\java\account_book_app\accountbook\target\classes\com\accountbook\proxy\response\README.md", "Markdown", 0, 0, -2, 0, 0, 0, -2
"e:\Code\java\account_book_app\accountbook\target\classes\com\accountbook\proxy\response\bill\BillDeleteResponse.class", "Java", 0, -10, 0, 0, 0, 0, -10
"e:\Code\java\account_book_app\accountbook\target\classes\com\accountbook\proxy\response\bill\BillListResponse.class", "Java", 0, -30, 0, 0, 0, -1, -31
"e:\Code\java\account_book_app\accountbook\target\classes\com\accountbook\proxy\response\bill\BillSingleResponse.class", "Java", 0, -40, 0, 0, 0, -1, -41
"e:\Code\java\account_book_app\accountbook\target\classes\com\accountbook\proxy\response\budget\BudgetDeleteResponse.class", "Java", 0, -10, 0, 0, 0, 0, -10
"e:\Code\java\account_book_app\accountbook\target\classes\com\accountbook\proxy\response\budget\BudgetListResponse.class", "Java", 0, -32, 0, 0, 0, -1, -33
"e:\Code\java\account_book_app\accountbook\target\classes\com\accountbook\proxy\response\budget\BudgetSingleResponse.class", "Java", 0, -37, 0, 0, 0, -1, -38
"e:\Code\java\account_book_app\accountbook\target\classes\com\accountbook\proxy\response\category\CategoryDeleteResponse.class", "Java", 0, -27, 0, 0, 0, -1, -28
"e:\Code\java\account_book_app\accountbook\target\classes\com\accountbook\proxy\response\category\CategoryListResponse.class", "Java", 0, -30, 0, 0, 0, -1, -31
"e:\Code\java\account_book_app\accountbook\target\classes\com\accountbook\proxy\response\category\CategorySingleResponse.class", "Java", 0, -28, 0, 0, 0, -1, -29
"e:\Code\java\account_book_app\accountbook\target\classes\com\accountbook\proxy\response\specific_type\SpecificTypeDeleteResponse.class", "Java", 0, -25, 0, 0, 0, -1, -26
"e:\Code\java\account_book_app\accountbook\target\classes\com\accountbook\proxy\response\specific_type\SpecificTypeListResponse.class", "Java", 0, -30, 0, 0, 0, -1, -31
"e:\Code\java\account_book_app\accountbook\target\classes\com\accountbook\proxy\response\specific_type\SpecificTypeSingleResponse.class", "Java", 0, -32, 0, 0, 0, -1, -33
"e:\Code\java\account_book_app\accountbook\target\classes\db.properties", "Java Properties", -4, 0, 0, 0, -4, 0, -8
"e:\Code\java\account_book_app\accountbook\target\test-classes\com\accountbook\db\BillDAOTest.class", "Java", 0, -71, 0, 0, 0, 0, -71
"e:\Code\java\account_book_app\accountbook\target\test-classes\com\accountbook\db\BudgetDAOTest.class", "Java", 0, -58, 0, 0, 0, 0, -58
"e:\Code\java\account_book_app\accountbook\target\test-classes\com\accountbook\helper\BillRequestHelperTest.class", "Java", 0, -54, 0, 0, 0, 0, -54
"e:\Code\java\account_book_app\accountbook\target\test-classes\com\accountbook\helper\BudgetRequestHelperTest.class", "Java", 0, -92, 0, 0, 0, 0, -92
"e:\Code\java\account_book_app\accountbook\target\test-classes\com\accountbook\helper\CategoryRequestHelperTest.class", "Java", 0, -76, 0, 0, 0, 0, -76
"e:\Code\java\account_book_app\accountbook\target\test-classes\com\accountbook\helper\SpecificTypeRequestHelperTest.class", "Java", 0, -96, 0, 0, 0, 0, -96
"Total", "-", -4, -4271, -154, -40, -69, -102, -4640