"filename", "language", "Java", "Java Properties", "Markdown", "comment", "blank", "total"
"e:\Code\java\account_book_app\accountbook\src\main\java\com\accountbook\Application.java", "Java", 21, 0, 0, 3, 4, 28
"e:\Code\java\account_book_app\accountbook\src\main\java\com\accountbook\backend\common\exception\BusinessServiceException.java", "Java", 7, 0, 0, 1, 2, 10
"e:\Code\java\account_book_app\accountbook\src\main\java\com\accountbook\backend\common\util\BillConvertUtils.java", "Java", 160, 0, 0, 71, 22, 253
"e:\Code\java\account_book_app\accountbook\src\main\java\com\accountbook\backend\common\util\BudgetConvertUtils.java", "Java", 135, 0, 0, 19, 19, 173
"e:\Code\java\account_book_app\accountbook\src\main\java\com\accountbook\backend\common\util\CategoryConvertUtils.java", "Java", 84, 0, 0, 13, 14, 111
"e:\Code\java\account_book_app\accountbook\src\main\java\com\accountbook\backend\common\util\NameConvertUtils.java", "Java", 19, 0, 0, 3, 2, 24
"e:\Code\java\account_book_app\accountbook\src\main\java\com\accountbook\backend\common\util\SpecificTypeConvertUtils.java", "Java", 92, 0, 0, 14, 15, 121
"e:\Code\java\account_book_app\accountbook\src\main\java\com\accountbook\backend\common\util\TimeUtils.java", "Java", 24, 0, 0, 17, 7, 48
"e:\Code\java\account_book_app\accountbook\src\main\java\com\accountbook\backend\factory\AccountBookServiceFactory.java", "Java", 124, 0, 0, 4, 22, 150
"e:\Code\java\account_book_app\accountbook\src\main\java\com\accountbook\backend\factory\BusinessFactory.java", "Java", 52, 0, 0, 23, 22, 97
"e:\Code\java\account_book_app\accountbook\src\main\java\com\accountbook\backend\service\BusinessService.java", "Java", 4, 0, 0, 1, 4, 9
"e:\Code\java\account_book_app\accountbook\src\main\java\com\accountbook\backend\service\impl\bill\AddBillService.java", "Java", 24, 0, 0, 2, 8, 34
"e:\Code\java\account_book_app\accountbook\src\main\java\com\accountbook\backend\service\impl\bill\ChangeBillService.java", "Java", 28, 0, 0, 0, 6, 34
"e:\Code\java\account_book_app\accountbook\src\main\java\com\accountbook\backend\service\impl\bill\DeleteBillService.java", "Java", 24, 0, 0, 0, 4, 28
"e:\Code\java\account_book_app\accountbook\src\main\java\com\accountbook\backend\service\impl\bill\SearchBillService.java", "Java", 105, 0, 0, 10, 13, 128
"e:\Code\java\account_book_app\accountbook\src\main\java\com\accountbook\backend\service\impl\bill\StatisticBillService.java", "Java", 14, 0, 0, 1, 5, 20
"e:\Code\java\account_book_app\accountbook\src\main\java\com\accountbook\backend\service\impl\bill\VisualService.java", "Java", 12, 0, 0, 1, 4, 17
"e:\Code\java\account_book_app\accountbook\src\main\java\com\accountbook\backend\service\impl\budget\AddBudgetService.java", "Java", 23, 0, 0, 3, 7, 33
"e:\Code\java\account_book_app\accountbook\src\main\java\com\accountbook\backend\service\impl\budget\ChangeBudgetService.java", "Java", 24, 0, 0, 1, 7, 32
"e:\Code\java\account_book_app\accountbook\src\main\java\com\accountbook\backend\service\impl\budget\DeleteBudgetService.java", "Java", 20, 0, 0, 1, 5, 26
"e:\Code\java\account_book_app\accountbook\src\main\java\com\accountbook\backend\service\impl\budget\SearchBudgetService.java", "Java", 80, 0, 0, 22, 13, 115
"e:\Code\java\account_book_app\accountbook\src\main\java\com\accountbook\backend\service\impl\category\AddCategoryService.java", "Java", 29, 0, 0, 8, 9, 46
"e:\Code\java\account_book_app\accountbook\src\main\java\com\accountbook\backend\service\impl\category\ChangeCategoryService.java", "Java", 24, 0, 0, 9, 10, 43
"e:\Code\java\account_book_app\accountbook\src\main\java\com\accountbook\backend\service\impl\category\DeleteCategoryService.java", "Java", 26, 0, 0, 7, 7, 40
"e:\Code\java\account_book_app\accountbook\src\main\java\com\accountbook\backend\service\impl\category\SearchCategoryService.java", "Java", 65, 0, 0, 25, 15, 105
"e:\Code\java\account_book_app\accountbook\src\main\java\com\accountbook\backend\service\impl\specific_type\AddSpecificTypeService.java", "Java", 27, 0, 0, 10, 10, 47
"e:\Code\java\account_book_app\accountbook\src\main\java\com\accountbook\backend\service\impl\specific_type\ChangeSpecificTypeService.java", "Java", 24, 0, 0, 9, 10, 43
"e:\Code\java\account_book_app\accountbook\src\main\java\com\accountbook\backend\service\impl\specific_type\DeleteSpecificTypeService.java", "Java", 23, 0, 0, 10, 9, 42
"e:\Code\java\account_book_app\accountbook\src\main\java\com\accountbook\backend\service\impl\specific_type\SearchSpecificTypeService.java", "Java", 70, 0, 0, 25, 15, 110
"e:\Code\java\account_book_app\accountbook\src\main\java\com\accountbook\backend\storage\dao\BaseDAO.java", "Java", 172, 0, 0, 71, 40, 283
"e:\Code\java\account_book_app\accountbook\src\main\java\com\accountbook\backend\storage\dao\BillDAO.java", "Java", 16, 0, 0, 21, 7, 44
"e:\Code\java\account_book_app\accountbook\src\main\java\com\accountbook\backend\storage\dao\BudgetDAO.java", "Java", 17, 0, 0, 5, 4, 26
"e:\Code\java\account_book_app\accountbook\src\main\java\com\accountbook\backend\storage\dao\CategoryDAO.java", "Java", 14, 0, 0, 49, 10, 73
"e:\Code\java\account_book_app\accountbook\src\main\java\com\accountbook\backend\storage\dao\SpecificTypeDAO.java", "Java", 15, 0, 0, 53, 11, 79
"e:\Code\java\account_book_app\accountbook\src\main\java\com\accountbook\backend\storage\dao\factory\DAOFactory.java", "Java", 27, 0, 0, 1, 7, 35
"e:\Code\java\account_book_app\accountbook\src\main\java\com\accountbook\backend\storage\dao\impl\BillDAOImpl.java", "Java", 162, 0, 0, 87, 30, 279
"e:\Code\java\account_book_app\accountbook\src\main\java\com\accountbook\backend\storage\dao\impl\BudgetDAOImpl.java", "Java", 134, 0, 0, 4, 19, 157
"e:\Code\java\account_book_app\accountbook\src\main\java\com\accountbook\backend\storage\dao\impl\CategoryDAOImpl.java", "Java", 116, 0, 0, 0, 23, 139
"e:\Code\java\account_book_app\accountbook\src\main\java\com\accountbook\backend\storage\dao\impl\SpecificTypeDAOImpl.java", "Java", 133, 0, 0, 46, 27, 206
"e:\Code\java\account_book_app\accountbook\src\main\java\com\accountbook\backend\storage\db\DBInitializer.java", "Java", 63, 0, 0, 6, 9, 78
"e:\Code\java\account_book_app\accountbook\src\main\java\com\accountbook\backend\storage\db\DBSql.java", "Java", 162, 0, 0, 34, 39, 235
"e:\Code\java\account_book_app\accountbook\src\main\java\com\accountbook\backend\storage\db\DBUtil.java", "Java", 38, 0, 0, 9, 9, 56
"e:\Code\java\account_book_app\accountbook\src\main\java\com\accountbook\backend\storage\entity\Bill.java", "Java", 89, 0, 0, 6, 25, 120
"e:\Code\java\account_book_app\accountbook\src\main\java\com\accountbook\backend\storage\entity\Budget.java", "Java", 38, 0, 0, 10, 6, 54
"e:\Code\java\account_book_app\accountbook\src\main\java\com\accountbook\backend\storage\entity\Category.java", "Java", 14, 0, 0, 2, 4, 20
"e:\Code\java\account_book_app\accountbook\src\main\java\com\accountbook\backend\storage\entity\SpecificType.java", "Java", 18, 0, 0, 2, 4, 24
"e:\Code\java\account_book_app\accountbook\src\main\java\com\accountbook\frontend\MainPage.java", "Java", 191, 0, 0, 33, 45, 269
"e:\Code\java\account_book_app\accountbook\src\main\java\com\accountbook\frontend\component\PageDrawer.java", "Java", 5, 0, 0, 7, 2, 14
"e:\Code\java\account_book_app\accountbook\src\main\java\com\accountbook\frontend\component\Refreshable.java", "Java", 4, 0, 0, 1, 1, 6
"e:\Code\java\account_book_app\accountbook\src\main\java\com\accountbook\frontend\component\dialog\BillEditDialog.java", "Java", 163, 0, 0, 8, 29, 200
"e:\Code\java\account_book_app\accountbook\src\main\java\com\accountbook\frontend\component\page\BudgetPage.java", "Java", 19, 0, 0, 2, 6, 27
"e:\Code\java\account_book_app\accountbook\src\main\java\com\accountbook\frontend\component\page\HomePage.java", "Java", 318, 0, 0, 21, 65, 404
"e:\Code\java\account_book_app\accountbook\src\main\java\com\accountbook\frontend\component\page\RecordPage.java", "Java", 406, 0, 0, 32, 68, 506
"e:\Code\java\account_book_app\accountbook\src\main\java\com\accountbook\frontend\component\page\SearchPage.java", "Java", 19, 0, 0, 2, 5, 26
"e:\Code\java\account_book_app\accountbook\src\main\java\com\accountbook\frontend\component\page\SettingPage.java", "Java", 19, 0, 0, 2, 5, 26
"e:\Code\java\account_book_app\accountbook\src\main\java\com\accountbook\frontend\component\page\StatisticsPage.java", "Java", 19, 0, 0, 2, 5, 26
"e:\Code\java\account_book_app\accountbook\src\main\java\com\accountbook\frontend\component\page\VisualPage.java", "Java", 19, 0, 0, 2, 5, 26
"e:\Code\java\account_book_app\accountbook\src\main\java\com\accountbook\frontend\component\panel\BillTableComponent.java", "Java", 283, 0, 0, 19, 41, 343
"e:\Code\java\account_book_app\accountbook\src\main\java\com\accountbook\frontend\component\panel\LeftNavigationPanel.java", "Java", 129, 0, 0, 3, 25, 157
"e:\Code\java\account_book_app\accountbook\src\main\java\com\accountbook\proxy\BackendResponse.java", "Java", 31, 0, 0, 30, 12, 73
"e:\Code\java\account_book_app\accountbook\src\main\java\com\accountbook\proxy\FrontendRequest.java", "Java", 46, 0, 0, 12, 11, 69
"e:\Code\java\account_book_app\accountbook\src\main\java\com\accountbook\proxy\README.md", "Markdown", 0, 0, 4, 0, 1, 5
"e:\Code\java\account_book_app\accountbook\src\main\java\com\accountbook\proxy\ServiceProxy.java", "Java", 81, 0, 0, 28, 12, 121
"e:\Code\java\account_book_app\accountbook\src\main\java\com\accountbook\proxy\common\ProxyHandler.java", "Java", 44, 0, 0, 12, 12, 68
"e:\Code\java\account_book_app\accountbook\src\main\java\com\accountbook\proxy\common\README.md", "Markdown", 0, 0, 2, 0, 0, 2
"e:\Code\java\account_book_app\accountbook\src\main\java\com\accountbook\proxy\helper\BaseRequestHelper.java", "Java", 36, 0, 0, 14, 7, 57
"e:\Code\java\account_book_app\accountbook\src\main\java\com\accountbook\proxy\helper\README.md", "Markdown", 0, 0, 2, 0, 0, 2
"e:\Code\java\account_book_app\accountbook\src\main\java\com\accountbook\proxy\helper\factory\RequestHelperFactory.java", "Java", 60, 0, 0, 37, 11, 108
"e:\Code\java\account_book_app\accountbook\src\main\java\com\accountbook\proxy\helper\impl\BillRequestHelper.java", "Java", 126, 0, 0, 41, 26, 193
"e:\Code\java\account_book_app\accountbook\src\main\java\com\accountbook\proxy\helper\impl\BudgetRequestHelper.java", "Java", 116, 0, 0, 38, 23, 177
"e:\Code\java\account_book_app\accountbook\src\main\java\com\accountbook\proxy\helper\impl\CategoryRequestHelper.java", "Java", 92, 0, 0, 44, 25, 161
"e:\Code\java\account_book_app\accountbook\src\main\java\com\accountbook\proxy\helper\impl\SpecificTypeRequestHelper.java", "Java", 104, 0, 0, 42, 26, 172
"e:\Code\java\account_book_app\accountbook\src\main\java\com\accountbook\proxy\request\README.md", "Markdown", 0, 0, 2, 0, 0, 2
"e:\Code\java\account_book_app\accountbook\src\main\java\com\accountbook\proxy\request\bill\BillAddParams.java", "Java", 45, 0, 0, 7, 7, 59
"e:\Code\java\account_book_app\accountbook\src\main\java\com\accountbook\proxy\request\bill\BillChangeParams.java", "Java", 55, 0, 0, 26, 7, 88
"e:\Code\java\account_book_app\accountbook\src\main\java\com\accountbook\proxy\request\bill\BillDeleteParams.java", "Java", 9, 0, 0, 2, 4, 15
"e:\Code\java\account_book_app\accountbook\src\main\java\com\accountbook\proxy\request\bill\BillSearchParams.java", "Java", 93, 0, 0, 39, 16, 148
"e:\Code\java\account_book_app\accountbook\src\main\java\com\accountbook\proxy\request\budget\BudgetAddParams.java", "Java", 30, 0, 0, 8, 6, 44
"e:\Code\java\account_book_app\accountbook\src\main\java\com\accountbook\proxy\request\budget\BudgetChangeParams.java", "Java", 39, 0, 0, 24, 7, 70
"e:\Code\java\account_book_app\accountbook\src\main\java\com\accountbook\proxy\request\budget\BudgetDeleteParams.java", "Java", 13, 0, 0, 9, 4, 26
"e:\Code\java\account_book_app\accountbook\src\main\java\com\accountbook\proxy\request\budget\BudgetSearchParams.java", "Java", 75, 0, 0, 34, 19, 128
"e:\Code\java\account_book_app\accountbook\src\main\java\com\accountbook\proxy\request\category\CategoryAddParams.java", "Java", 18, 0, 0, 5, 6, 29
"e:\Code\java\account_book_app\accountbook\src\main\java\com\accountbook\proxy\request\category\CategoryChangeParams.java", "Java", 38, 0, 0, 21, 10, 69
"e:\Code\java\account_book_app\accountbook\src\main\java\com\accountbook\proxy\request\category\CategoryDeleteParams.java", "Java", 18, 0, 0, 4, 6, 28
"e:\Code\java\account_book_app\accountbook\src\main\java\com\accountbook\proxy\request\category\CategorySearchParams.java", "Java", 40, 0, 0, 22, 11, 73
"e:\Code\java\account_book_app\accountbook\src\main\java\com\accountbook\proxy\request\specific_type\SpecificTypeAddParams.java", "Java", 22, 0, 0, 6, 6, 34
"e:\Code\java\account_book_app\accountbook\src\main\java\com\accountbook\proxy\request\specific_type\SpecificTypeChangeParams.java", "Java", 49, 0, 0, 22, 12, 83
"e:\Code\java\account_book_app\accountbook\src\main\java\com\accountbook\proxy\request\specific_type\SpecificTypeDeleteParams.java", "Java", 18, 0, 0, 4, 5, 27
"e:\Code\java\account_book_app\accountbook\src\main\java\com\accountbook\proxy\request\specific_type\SpecificTypeSearchParams.java", "Java", 55, 0, 0, 27, 14, 96
"e:\Code\java\account_book_app\accountbook\src\main\java\com\accountbook\proxy\response\README.md", "Markdown", 0, 0, 2, 0, 0, 2
"e:\Code\java\account_book_app\accountbook\src\main\java\com\accountbook\proxy\response\bill\BillDeleteResponse.java", "Java", 10, 0, 0, 4, 3, 17
"e:\Code\java\account_book_app\accountbook\src\main\java\com\accountbook\proxy\response\bill\BillListResponse.java", "Java", 40, 0, 0, 14, 10, 64
"e:\Code\java\account_book_app\accountbook\src\main\java\com\accountbook\proxy\response\bill\BillSingleResponse.java", "Java", 57, 0, 0, 26, 9, 92
"e:\Code\java\account_book_app\accountbook\src\main\java\com\accountbook\proxy\response\budget\BudgetDeleteResponse.java", "Java", 10, 0, 0, 7, 3, 20
"e:\Code\java\account_book_app\accountbook\src\main\java\com\accountbook\proxy\response\budget\BudgetListResponse.java", "Java", 40, 0, 0, 14, 10, 64
"e:\Code\java\account_book_app\accountbook\src\main\java\com\accountbook\proxy\response\budget\BudgetSingleResponse.java", "Java", 52, 0, 0, 23, 8, 83
"e:\Code\java\account_book_app\accountbook\src\main\java\com\accountbook\proxy\response\category\CategoryDeleteResponse.java", "Java", 22, 0, 0, 13, 6, 41
"e:\Code\java\account_book_app\accountbook\src\main\java\com\accountbook\proxy\response\category\CategoryListResponse.java", "Java", 40, 0, 0, 14, 10, 64
"e:\Code\java\account_book_app\accountbook\src\main\java\com\accountbook\proxy\response\category\CategorySingleResponse.java", "Java", 39, 0, 0, 21, 11, 71
"e:\Code\java\account_book_app\accountbook\src\main\java\com\accountbook\proxy\response\specific_type\SpecificTypeDeleteResponse.java", "Java", 33, 0, 0, 14, 8, 55
"e:\Code\java\account_book_app\accountbook\src\main\java\com\accountbook\proxy\response\specific_type\SpecificTypeListResponse.java", "Java", 40, 0, 0, 14, 10, 64
"e:\Code\java\account_book_app\accountbook\src\main\java\com\accountbook\proxy\response\specific_type\SpecificTypeSingleResponse.java", "Java", 54, 0, 0, 22, 14, 90
"e:\Code\java\account_book_app\accountbook\src\main\resources\db.properties", "Java Properties", 0, 4, 0, 4, 0, 8
"e:\Code\java\account_book_app\accountbook\src\test\java\com\accountbook\db\BillDAOTest.java", "Java", 122, 0, 0, 50, 25, 197
"e:\Code\java\account_book_app\accountbook\src\test\java\com\accountbook\db\BudgetDAOTest.java", "Java", 107, 0, 0, 36, 21, 164
"e:\Code\java\account_book_app\accountbook\src\test\java\com\accountbook\helper\BillRequestHelperTest.java", "Java", 76, 0, 0, 10, 13, 99
"e:\Code\java\account_book_app\accountbook\src\test\java\com\accountbook\helper\BudgetRequestHelperTest.java", "Java", 97, 0, 0, 15, 18, 130
"e:\Code\java\account_book_app\accountbook\src\test\java\com\accountbook\helper\CategoryRequestHelperTest.java", "Java", 106, 0, 0, 19, 20, 145
"e:\Code\java\account_book_app\accountbook\src\test\java\com\accountbook\helper\SpecificTypeRequestHelperTest.java", "Java", 151, 0, 0, 27, 34, 212
"Total", "-", 6635, 4, 12, 1758, 1405, 9814